cluster,material_base,state,n_obs,n_months,n_products,fair_buy_Q1,fair_target,fair_sell_Q3,lag_3m_prediction,heterogeneity,emitter_sector,receiver_sector,top_products,quality
BOPP/RAFIA::PP RAFIA,BOPP/RAFIA,PR,129,35,1,0.2,0.3,0.4,0.35,0.337,COOPERATIVA,COLETA_RECICLAGEM,PP RAFIA,B (bom)
BOPP/RAFIA::SUCATA DE RAFIA,BOPP/RAFIA,MG,16,13,1,0.2,0.2,0.2,0.2,0.0,COOPERATIVA,COMERCIO_ATACADO,SUCATA DE RAFIA,D (insuficiente)
BOPP/RAFIA::SUCATA DE RAFIA,BOPP/RAFIA,PR,56,27,1,0.2,0.3,0.362,0.35,0.332,COOPERATIVA,COLETA_RECICLAGEM,SUCATA DE RAFIA,B (bom)
BOPP/RAFIA::SUCATA DE RAFIA,BOPP/RAFIA,RS,12,7,1,0.05,0.1,0.15,0.15,0.507,COLETA_RECICLAGEM,COLETA_RECICLAGEM,SUCATA DE RAFIA,D (insuficiente)
BOPP/RAFIA::SUCATA DE RAFIA,BOPP/RAFIA,SC,136,32,1,0.5,0.65,0.65,0.65,0.13,COOPERATIVA,COMERCIO_ATACADO,SUCATA DE RAFIA,A (excelente)
BOPP/RAFIA::SUCATA DE RAFIA,BOPP/RAFIA,SP,65,25,1,0.1,0.3,0.3,0.3,0.479,COMERCIO_ATACADO,COLETA_RECICLAGEM,SUCATA DE RAFIA,B (bom)
METAIS_DIVERSOS::SUCATA DE LATINHAS,OUTROS,BA,43,21,1,4.65,7.0,9.0,9.0,0.304,COOPERATIVA,COMERCIO_ATACADO,SUCATA DE LATINHAS,C (razoável)
METAIS_DIVERSOS::SUCATA DE LATINHAS,OUTROS,CE,6,4,1,6.025,6.1,6.25,6.1,0.027,COMERCIO_ATACADO,COMERCIO_ATACADO,SUCATA DE LATINHAS,D (insuficiente)
METAIS_DIVERSOS::SUCATA DE LATINHAS,OUTROS,DF,10,7,1,5.125,5.7,6.443,6.594,0.203,COOPERATIVA,COLETA_RECICLAGEM,SUCATA DE LATINHAS,D (insuficiente)
METAIS_DIVERSOS::SUCATA DE LATINHAS,OUTROS,ES,380,35,1,7.73,9.89,12.16,11.7,0.226,COMERCIO_ATACADO,INDUSTRIA,SUCATA DE LATINHAS,A (excelente)
METAIS_DIVERSOS::SUCATA DE LATINHAS,OUTROS,GO,275,13,1,7.95,8.07,13.52,9.5,0.279,COLETA_RECICLAGEM,INDUSTRIA,SUCATA DE LATINHAS,A (excelente)
METAIS_DIVERSOS::SUCATA DE LATINHAS,OUTROS,MA,8,5,1,10.2,10.5,10.525,10.2,0.028,COLETA_RECICLAGEM,COMERCIO_ATACADO,SUCATA DE LATINHAS,D (insuficiente)
METAIS_DIVERSOS::SUCATA DE LATINHAS,OUTROS,MG,26,16,1,6.0,6.0,8.25,9.5,0.302,COOPERATIVA,COMERCIO_ATACADO,SUCATA DE LATINHAS,C (razoável)
METAIS_DIVERSOS::SUCATA DE LATINHAS,OUTROS,MS,113,21,1,10.5,11.4,12.2,11.0,0.119,COMERCIO_ATACADO,COLETA_RECICLAGEM,SUCATA DE LATINHAS,A (excelente)
METAIS_DIVERSOS::SUCATA DE LATINHAS,OUTROS,PR,166,36,1,5.013,5.95,6.474,8.0,0.293,COLETA_RECICLAGEM,COMERCIO_ATACADO,SUCATA DE LATINHAS,A (excelente)
METAIS_DIVERSOS::SUCATA DE LATINHAS,OUTROS,RJ,310,29,1,8.07,10.11,10.68,10.5,0.179,COLETA_RECICLAGEM,INDUSTRIA,SUCATA DE LATINHAS,A (excelente)
METAIS_DIVERSOS::SUCATA DE LATINHAS,OUTROS,RN,24,12,1,9.7,10.1,11.025,9.6,0.083,COLETA_RECICLAGEM,INDUSTRIA,SUCATA DE LATINHAS,C (razoável)
METAIS_DIVERSOS::SUCATA DE LATINHAS,OUTROS,RS,28,21,1,6.5,8.25,9.25,9.6,0.226,COLETA_RECICLAGEM,COMERCIO_ATACADO,SUCATA DE LATINHAS,C (razoável)
METAIS_DIVERSOS::SUCATA DE LATINHAS,OUTROS,SP,101,32,1,7.5,8.7,10.0,9.0,0.211,COLETA_RECICLAGEM,COMERCIO_ATACADO,SUCATA DE LATINHAS,A (excelente)
METAIS_DIVERSOS::SUCATA DE PLASTICO,OUTROS,ES,76,9,1,5.2,5.7,6.175,6.0,0.102,COMERCIO_ATACADO,COLETA_RECICLAGEM,SUCATA DE PLASTICO,B (bom)
METAIS_DIVERSOS::SUCATA DE PLASTICO,OUTROS,GO,15,6,1,4.4,4.4,4.4,4.4,0.0,COLETA_RECICLAGEM,INDUSTRIA,SUCATA DE PLASTICO,D (insuficiente)
METAIS_DIVERSOS::SUCATA DE PLASTICO,OUTROS,MG,79,12,1,4.9,5.0,5.7,4.28,0.106,COOPERATIVA,COLETA_RECICLAGEM,SUCATA DE PLASTICO,B (bom)
METAIS_DIVERSOS::SUCATA DE PLASTICO,OUTROS,MT,5,5,1,4.15,4.15,4.15,4.15,0.0,COMERCIO_ATACADO,INDUSTRIA,SUCATA DE PLASTICO,D (insuficiente)
METAIS_DIVERSOS::SUCATA DE PLASTICO,OUTROS,SP,65,26,1,5.2,5.3,5.5,5.3,0.058,COMERCIO_ATACADO,INDUSTRIA,SUCATA DE PLASTICO,B (bom)
OUTROS_PLASTICOS_MISTOS::PLASTICOS DIVERSOS,OUTROS,AM,8,5,1,0.138,0.175,0.225,0.15,0.422,COOPERATIVA,COLETA_RECICLAGEM,PLASTICOS DIVERSOS,D (insuficiente)
OUTROS_PLASTICOS_MISTOS::PLASTICOS DIVERSOS,OUTROS,MG,48,15,1,0.798,0.933,1.135,1.238,0.238,COLETA_RECICLAGEM,COMERCIO_ATACADO,PLASTICOS DIVERSOS,C (razoável)
OUTROS_PLASTICOS_MISTOS::PLASTICOS DIVERSOS,OUTROS,MS,6,6,1,1.15,1.15,1.15,1.15,0.0,COOPERATIVA,COLETA_RECICLAGEM,PLASTICOS DIVERSOS,D (insuficiente)
OUTROS_PLASTICOS_MISTOS::SUCATA DE PLASTICO,OUTROS,AL,28,8,1,0.5,0.5,0.5,0.5,0.0,COLETA_RECICLAGEM,INDUSTRIA,SUCATA DE PLASTICO,C (razoável)
OUTROS_PLASTICOS_MISTOS::SUCATA DE PLASTICO,OUTROS,BA,369,34,1,0.6,1.6,1.6,0.8,0.589,COLETA_RECICLAGEM,OUTROS_SETOR,SUCATA DE PLASTICO,C (razoável)
OUTROS_PLASTICOS_MISTOS::SUCATA DE PLASTICO,OUTROS,CE,100,19,1,0.4,1.355,2.2,1.3,0.718,COOPERATIVA,COMERCIO_ATACADO,SUCATA DE PLASTICO,C (razoável)
OUTROS_PLASTICOS_MISTOS::SUCATA DE PLASTICO,OUTROS,DF,15,4,1,0.075,0.1,0.1,0.05,0.276,COMERCIO_ATACADO,COLETA_RECICLAGEM,SUCATA DE PLASTICO,D (insuficiente)
OUTROS_PLASTICOS_MISTOS::SUCATA DE PLASTICO,OUTROS,ES,41,12,1,2.8,3.7,4.0,3.8,0.229,COMERCIO_ATACADO,OUTROS_SETOR,SUCATA DE PLASTICO,C (razoável)
OUTROS_PLASTICOS_MISTOS::SUCATA DE PLASTICO,OUTROS,GO,161,29,1,0.1,0.45,0.8,0.55,0.88,COLETA_RECICLAGEM,COMERCIO_ATACADO,SUCATA DE PLASTICO,C (razoável)
OUTROS_PLASTICOS_MISTOS::SUCATA DE PLASTICO,OUTROS,MA,75,24,1,0.2,0.4,0.5,0.26,0.427,COOPERATIVA,COMERCIO_ATACADO,SUCATA DE PLASTICO,B (bom)
OUTROS_PLASTICOS_MISTOS::SUCATA DE PLASTICO,OUTROS,MG,700,36,1,0.4,1.0,2.0,0.7,0.866,COOPERATIVA,COLETA_RECICLAGEM,SUCATA DE PLASTICO,C (razoável)
OUTROS_PLASTICOS_MISTOS::SUCATA DE PLASTICO,OUTROS,MS,134,26,1,0.45,1.15,1.58,0.475,0.483,COMERCIO_ATACADO,COLETA_RECICLAGEM,SUCATA DE PLASTICO,B (bom)
OUTROS_PLASTICOS_MISTOS::SUCATA DE PLASTICO,OUTROS,MT,144,25,1,0.34,0.34,0.34,0.4,0.074,COMERCIO_ATACADO,COLETA_RECICLAGEM,SUCATA DE PLASTICO,A (excelente)
OUTROS_PLASTICOS_MISTOS::SUCATA DE PLASTICO,OUTROS,PA,34,17,1,0.45,0.9,1.2,1.1,0.466,COLETA_RECICLAGEM,COLETA_RECICLAGEM,SUCATA DE PLASTICO,C (razoável)
OUTROS_PLASTICOS_MISTOS::SUCATA DE PLASTICO,OUTROS,PB,66,15,1,0.2,0.2,2.4,0.2,1.021,COMERCIO_ATACADO,INDUSTRIA,SUCATA DE PLASTICO,C (razoável)
OUTROS_PLASTICOS_MISTOS::SUCATA DE PLASTICO,OUTROS,PE,15,6,1,0.55,0.8,0.8,0.8,0.217,COOPERATIVA,COMERCIO_ATACADO,SUCATA DE PLASTICO,D (insuficiente)
OUTROS_PLASTICOS_MISTOS::SUCATA DE PLASTICO,OUTROS,PI,42,24,1,0.2,0.2,0.22,0.13,0.474,COMERCIO_ATACADO,COMERCIO_ATACADO,SUCATA DE PLASTICO,C (razoável)
OUTROS_PLASTICOS_MISTOS::SUCATA DE PLASTICO,OUTROS,PR,46,21,1,0.05,0.05,0.05,0.05,0.724,COOPERATIVA,COMERCIO_ATACADO,SUCATA DE PLASTICO,C (razoável)
OUTROS_PLASTICOS_MISTOS::SUCATA DE PLASTICO,OUTROS,RJ,114,24,1,0.1,0.3,0.65,0.8,1.013,COLETA_RECICLAGEM,COLETA_RECICLAGEM,SUCATA DE PLASTICO,C (razoável)
OUTROS_PLASTICOS_MISTOS::SUCATA DE PLASTICO,OUTROS,RN,61,26,1,0.5,0.8,1.5,2.165,0.637,COLETA_RECICLAGEM,INDUSTRIA,SUCATA DE PLASTICO,C (razoável)
OUTROS_PLASTICOS_MISTOS::SUCATA DE PLASTICO,OUTROS,RS,217,34,1,0.26,0.4,0.9,0.4,0.777,COLETA_RECICLAGEM,COMERCIO_ATACADO,SUCATA DE PLASTICO,C (razoável)
OUTROS_PLASTICOS_MISTOS::SUCATA DE PLASTICO,OUTROS,SC,181,26,1,0.7,1.0,1.6,1.6,0.57,COLETA_RECICLAGEM,COLETA_RECICLAGEM,SUCATA DE PLASTICO,C (razoável)
OUTROS_PLASTICOS_MISTOS::SUCATA DE PLASTICO,OUTROS,SE,41,14,1,0.2,0.2,0.2,0.2,0.0,COMERCIO_ATACADO,COMERCIO,SUCATA DE PLASTICO,C (razoável)
OUTROS_PLASTICOS_MISTOS::SUCATA DE PLASTICO,OUTROS,SP,418,36,1,0.1,0.4,1.6,2.6,1.074,COLETA_RECICLAGEM,COMERCIO_ATACADO,SUCATA DE PLASTICO,C (razoável)
OUTROS_RESIDUAL::SUCATA DE AEROSOL,OUTROS,SP,5,5,1,4.0,4.0,4.0,4.0,0.0,COMERCIO_ATACADO,COMERCIO,SUCATA DE AEROSOL,D (insuficiente)
OUTROS_RESIDUAL::SUCATA DE BALDE BACIA PRETO,OUTROS,CE,6,2,1,1.875,2.4,2.4,2.05,0.167,COOPERATIVA,COLETA_RECICLAGEM,SUCATA DE BALDE BACIA PRETO,D (insuficiente)
OUTROS_RESIDUAL::SUCATA DE BALDE BACIA PRETO,OUTROS,GO,9,5,1,0.5,0.5,1.0,1.0,0.455,COLETA_RECICLAGEM,COLETA_RECICLAGEM,SUCATA DE BALDE BACIA PRETO,D (insuficiente)
OUTROS_RESIDUAL::SUCATA DE BALDE BACIA PRETO,OUTROS,MG,23,14,1,0.6,1.1,1.5,1.1,0.416,COOPERATIVA,COLETA_RECICLAGEM,SUCATA DE BALDE BACIA PRETO,C (razoável)
OUTROS_RESIDUAL::SUCATA DE BALDE BACIA PRETO,OUTROS,RS,35,17,1,0.8,1.0,1.275,1.0,0.285,COLETA_RECICLAGEM,COMERCIO_ATACADO,SUCATA DE BALDE BACIA PRETO,C (razoável)
OUTROS_RESIDUAL::SUCATA DE BALDE BACIA PRETO,OUTROS,SP,19,14,1,0.45,0.7,0.8,0.8,0.362,COLETA_RECICLAGEM,COLETA_RECICLAGEM,SUCATA DE BALDE BACIA PRETO,D (insuficiente)
PE/FILME::PE CANELA,PE/FILME,PR,14,13,1,0.7,0.7,0.7,0.7,0.0,COMERCIO_ATACADO,COLETA_RECICLAGEM,PE CANELA,D (insuficiente)
PE/FILME::PE CANELA,PE/FILME,RS,8,7,1,1.35,1.45,1.45,1.45,0.037,COLETA_RECICLAGEM,COMERCIO_ATACADO,PE CANELA,D (insuficiente)
PE/FILME::PE CANELA,PE/FILME,SP,13,13,1,1.3,1.4,1.4,1.4,0.051,COLETA_RECICLAGEM,COLETA_RECICLAGEM,PE CANELA,D (insuficiente)
PE/FILME::PE PRETO / PE COLORIDO,PE/FILME,DF,33,21,1,0.3,0.35,0.53,0.05,0.446,COOPERATIVA,COLETA_RECICLAGEM,PE PRETO / PE COLORIDO,C (razoável)
PE/FILME::PE PRETO / PE COLORIDO,PE/FILME,RS,16,15,1,0.02,0.2,0.3,0.3,0.725,COLETA_RECICLAGEM,COMERCIO_ATACADO,PE PRETO / PE COLORIDO,D (insuficiente)
PE/FILME::PE PRETO / PE COLORIDO,PE/FILME,SP,28,14,1,4.35,5.45,6.4,7.5,0.235,COMERCIO_ATACADO,INDUSTRIA,PE PRETO / PE COLORIDO,C (razoável)
PE/FILME::SUCATA DE FILME CANELA,PE/FILME,RS,10,8,1,1.125,1.45,1.9,1.275,0.293,COLETA_RECICLAGEM,COLETA_RECICLAGEM,SUCATA DE FILME CANELA,D (insuficiente)
PE/FILME::SUCATA DE FILME COLORIDO,PE/FILME,CE,18,6,1,0.65,0.8,0.8,0.6,0.265,COOPERATIVA,COMERCIO_ATACADO,SUCATA DE FILME COLORIDO,D (insuficiente)
PE/FILME::SUCATA DE FILME COLORIDO,PE/FILME,ES,23,12,1,0.7,0.7,0.8,0.8,0.068,COOPERATIVA,COMERCIO_ATACADO,SUCATA DE FILME COLORIDO,C (razoável)
PE/FILME::SUCATA DE FILME COLORIDO,PE/FILME,MA,6,2,1,0.4,0.4,0.475,0.4,0.119,COLETA_RECICLAGEM,COMERCIO_ATACADO,SUCATA DE FILME COLORIDO,D (insuficiente)
PE/FILME::SUCATA DE FILME COLORIDO,PE/FILME,MG,89,26,1,0.7,1.0,1.0,0.75,0.154,COOPERATIVA,COLETA_RECICLAGEM,SUCATA DE FILME COLORIDO,B (bom)
PE/FILME::SUCATA DE FILME COLORIDO,PE/FILME,PA,5,4,1,0.2,0.2,0.5,0.5,0.725,COLETA_RECICLAGEM,COMERCIO,SUCATA DE FILME COLORIDO,D (insuficiente)
PE/FILME::SUCATA DE FILME COLORIDO,PE/FILME,RJ,36,18,1,0.2,0.3,0.5,0.8,0.622,COOPERATIVA,COMERCIO_ATACADO,SUCATA DE FILME COLORIDO,C (razoável)
PE/FILME::SUCATA DE FILME COLORIDO,PE/FILME,RS,59,24,2,0.4,0.5,0.8,0.55,0.423,COLETA_RECICLAGEM,COMERCIO_ATACADO,"SUCATA DE FILME COLORIDO, SUCATA DE FILME PRETO",B (bom)
PEAD::PEAD BOMBONA,PEAD,ES,15,7,1,2.4,3.2,3.2,1.8,0.239,COMERCIO_ATACADO,INDUSTRIA,PEAD BOMBONA,D (insuficiente)
PEAD::PEAD BOMBONA,PEAD,PR,15,14,1,1.8,2.3,2.35,2.3,0.152,COOPERATIVA,COLETA_RECICLAGEM,PEAD BOMBONA,D (insuficiente)
PEAD::PEAD BOMBONA,PEAD,SP,14,11,1,2.2,2.2,2.4,2.3,0.06,COLETA_RECICLAGEM,COMERCIO_ATACADO,PEAD BOMBONA,D (insuficiente)
PEAD::PEAD CRISTAL,PEAD,ES,30,9,1,1.0,1.0,1.0,1.0,0.0,COOPERATIVA,COLETA_RECICLAGEM,PEAD CRISTAL,C (razoável)
PEAD::PEAD CRISTAL,PEAD,PR,5,5,2,1.3,1.5,1.5,1.2,0.135,COOPERATIVA,COMERCIO_ATACADO,"SUCATA DE PEAD CRISTAL, PEAD CRISTAL",D (insuficiente)
PEAD::PEAD MISTO,PEAD,DF,69,17,1,2.6,4.0,4.5,1.85,0.432,COMERCIO_ATACADO,COOPERATIVA,PEAD MISTO,B (bom)
PEAD::PEAD MISTO,PEAD,PR,8,8,1,1.95,2.0,2.174,2.183,0.096,COOPERATIVA,COMERCIO_ATACADO,PEAD MISTO,D (insuficiente)
PEAD::PEAD MISTO,PEAD,SP,276,24,1,0.01,0.02,1.5,1.5,1.57,COMERCIO_ATACADO,COMERCIO_ATACADO,PEAD MISTO,C (razoável)
PEAD::SUCATA DE PEAD BRANCO,PEAD,DF,57,16,1,2.5,2.6,2.8,2.5,0.054,COMERCIO_ATACADO,COMERCIO_ATACADO,SUCATA DE PEAD BRANCO,B (bom)
PEAD::SUCATA DE PEAD BRANCO,PEAD,ES,54,15,1,2.9,3.5,3.575,2.3,0.152,COMERCIO_ATACADO,INDUSTRIA,SUCATA DE PEAD BRANCO,B (bom)
PEAD::SUCATA DE PEAD BRANCO,PEAD,MA,6,4,1,1.2,1.6,2.3,2.5,0.357,COLETA_RECICLAGEM,COMERCIO_ATACADO,SUCATA DE PEAD BRANCO,D (insuficiente)
PEAD::SUCATA DE PEAD BRANCO,PEAD,MG,249,33,1,2.3,2.5,3.1,2.3,0.205,COOPERATIVA,COLETA_RECICLAGEM,SUCATA DE PEAD BRANCO,A (excelente)
PEAD::SUCATA DE PEAD BRANCO,PEAD,PA,7,4,1,0.13,0.13,0.13,0.13,0.0,COLETA_RECICLAGEM,COLETA_RECICLAGEM,SUCATA DE PEAD BRANCO,D (insuficiente)
PEAD::SUCATA DE PEAD BRANCO,PEAD,PR,224,28,1,2.5,2.75,2.85,2.725,0.087,COOPERATIVA,COMERCIO_ATACADO,SUCATA DE PEAD BRANCO,A (excelente)
PEAD::SUCATA DE PEAD BRANCO,PEAD,RJ,240,28,1,2.5,2.7,3.2,2.65,0.196,COOPERATIVA,COMERCIO_ATACADO,SUCATA DE PEAD BRANCO,A (excelente)
PEAD::SUCATA DE PEAD BRANCO,PEAD,RS,83,27,1,2.2,2.3,2.45,2.375,0.106,COLETA_RECICLAGEM,COMERCIO_ATACADO,SUCATA DE PEAD BRANCO,B (bom)
PEAD::SUCATA DE PEAD BRANCO,PEAD,SC,5,2,1,0.2,0.2,0.6,0.2,0.609,COMERCIO_ATACADO,COLETA_RECICLAGEM,SUCATA DE PEAD BRANCO,D (insuficiente)
PEAD::SUCATA DE PEAD BRANCO,PEAD,SP,250,35,1,2.2,2.3,2.5,2.3,0.176,COLETA_RECICLAGEM,COMERCIO_ATACADO,SUCATA DE PEAD BRANCO,A (excelente)
PEAD::SUCATA DE PEAD COLORIDO,PEAD,BA,5,3,1,0.6,0.6,0.6,0.6,0.0,COOPERATIVA,COLETA_RECICLAGEM,SUCATA DE PEAD COLORIDO,D (insuficiente)
PEAD::SUCATA DE PEAD COLORIDO,PEAD,DF,100,32,1,1.7,2.138,2.4,2.0,0.254,COLETA_RECICLAGEM,COMERCIO_ATACADO,SUCATA DE PEAD COLORIDO,A (excelente)
PEAD::SUCATA DE PEAD COLORIDO,PEAD,ES,81,19,1,2.4,2.8,3.2,1.9,0.213,COMERCIO_ATACADO,COMERCIO_ATACADO,SUCATA DE PEAD COLORIDO,B (bom)
PEAD::SUCATA DE PEAD COLORIDO,PEAD,GO,6,2,1,3.73,3.73,3.73,3.73,0.083,INDUSTRIA,COLETA_RECICLAGEM,SUCATA DE PEAD COLORIDO,D (insuficiente)
PEAD::SUCATA DE PEAD COLORIDO,PEAD,MA,11,9,1,1.15,1.7,1.7,1.7,0.221,COLETA_RECICLAGEM,COMERCIO_ATACADO,SUCATA DE PEAD COLORIDO,D (insuficiente)
PEAD::SUCATA DE PEAD COLORIDO,PEAD,MG,344,33,1,2.1,2.5,2.8,2.1,0.197,COOPERATIVA,COMERCIO_ATACADO,SUCATA DE PEAD COLORIDO,A (excelente)
PEAD::SUCATA DE PEAD COLORIDO,PEAD,PR,343,36,1,2.15,2.4,2.591,2.3,0.179,COOPERATIVA,COMERCIO_ATACADO,SUCATA DE PEAD COLORIDO,A (excelente)
PEAD::SUCATA DE PEAD COLORIDO,PEAD,RJ,482,28,1,0.4,2.4,3.0,2.1,0.642,COOPERATIVA,COMERCIO_ATACADO,SUCATA DE PEAD COLORIDO,C (razoável)
PEAD::SUCATA DE PEAD COLORIDO,PEAD,RS,104,28,1,2.2,2.25,2.35,2.35,0.067,COLETA_RECICLAGEM,COMERCIO_ATACADO,SUCATA DE PEAD COLORIDO,A (excelente)
PEAD::SUCATA DE PEAD COLORIDO,PEAD,SC,18,9,1,1.0,3.1,3.4,0.2,0.562,COMERCIO_ATACADO,COLETA_RECICLAGEM,SUCATA DE PEAD COLORIDO,D (insuficiente)
PEAD::SUCATA DE PEAD COLORIDO,PEAD,SP,290,36,1,1.7,2.1,2.388,2.1,0.317,COLETA_RECICLAGEM,COMERCIO_ATACADO,SUCATA DE PEAD COLORIDO,B (bom)
PEAD::SUCATA DE PEAD SACOLINHA,PEAD,BA,28,9,1,0.8,0.8,0.8,0.8,0.0,COOPERATIVA,COLETA_RECICLAGEM,SUCATA DE PEAD SACOLINHA,C (razoável)
PEAD::SUCATA DE PEAD SACOLINHA,PEAD,CE,21,5,1,0.5,0.5,0.6,0.6,0.091,COOPERATIVA,COLETA_RECICLAGEM,SUCATA DE PEAD SACOLINHA,C (razoável)
PEAD::SUCATA DE PEAD SACOLINHA,PEAD,PR,43,27,1,0.7,0.75,0.75,0.7,0.04,COOPERATIVA,COLETA_RECICLAGEM,SUCATA DE PEAD SACOLINHA,C (razoável)
PEAD::SUCATA DE PEAD SACOLINHA,PEAD,RS,16,13,1,0.25,0.5,0.5,0.5,0.326,COLETA_RECICLAGEM,COMERCIO_ATACADO,SUCATA DE PEAD SACOLINHA,D (insuficiente)
PEAD::SUCATA DE PEAD SACOLINHA,PEAD,SP,48,22,1,0.2,0.25,0.45,0.1,0.561,COLETA_RECICLAGEM,COLETA_RECICLAGEM,SUCATA DE PEAD SACOLINHA,C (razoável)
PET::FITA PET VERDE,PET,MG,16,13,1,0.4,0.4,0.4,0.4,0.0,COOPERATIVA,COMERCIO_ATACADO,FITA PET VERDE,D (insuficiente)
PET::FITA PET VERDE,PET,SP,9,8,1,0.1,0.2,0.2,0.1,0.424,COLETA_RECICLAGEM,COMERCIO_ATACADO,FITA PET VERDE,D (insuficiente)
PET::PET AZEITE,PET,RS,42,31,1,0.8,1.2,2.4,2.4,0.522,COLETA_RECICLAGEM,COMERCIO_ATACADO,PET AZEITE,C (razoável)
PET::PET COLORIDO,PET,CE,45,16,1,0.5,0.5,1.0,1.0,0.348,INDUSTRIA,INDUSTRIA,PET COLORIDO,C (razoável)
PET::PET COLORIDO,PET,DF,17,8,1,0.03,0.03,0.05,0.03,0.261,COMERCIO_ATACADO,COLETA_RECICLAGEM,PET COLORIDO,D (insuficiente)
PET::PET COLORIDO,PET,ES,6,4,1,4.25,5.0,5.0,4.0,0.111,COOPERATIVA,COMERCIO_ATACADO,PET COLORIDO,D (insuficiente)
PET::PET COLORIDO,PET,MG,21,17,1,0.4,0.45,0.45,0.45,0.068,COOPERATIVA,COLETA_RECICLAGEM,PET COLORIDO,C (razoável)
PET::PET COLORIDO,PET,PE,5,3,1,0.25,0.25,0.5,0.25,0.391,COLETA_RECICLAGEM,INDUSTRIA,PET COLORIDO,D (insuficiente)
PET::PET COLORIDO,PET,PR,51,17,1,1.7,2.05,2.4,2.35,0.231,COLETA_RECICLAGEM,COMERCIO_ATACADO,PET COLORIDO,B (bom)
PET::PET COLORIDO,PET,RS,8,6,1,2.2,2.2,2.2,2.2,0.0,COLETA_RECICLAGEM,COMERCIO_ATACADO,PET COLORIDO,D (insuficiente)
PET::PET COLORIDO,PET,SP,28,7,1,0.3,0.3,3.7,3.7,0.993,COLETA_RECICLAGEM,COLETA_RECICLAGEM,PET COLORIDO,C (razoável)
PET::PET CRISTAL,PET,BA,66,12,2,1.3,5.75,6.6,1.3,0.666,INDUSTRIA,COLETA_RECICLAGEM,"PET CRISTAL, SUCATA DE PET CRISTAL",C (razoável)
PET::PET CRISTAL,PET,ES,65,20,2,1.0,1.0,3.9,4.5,0.776,COOPERATIVA,COLETA_RECICLAGEM,"PET CRISTAL, SUCATA DE PET CRISTAL",C (razoável)
PET::PET CRISTAL,PET,GO,80,2,1,6.3,6.5,6.5,6.5,0.018,INDUSTRIA,OUTROS_SETOR,PET CRISTAL,B (bom)
PET::PET CRISTAL,PET,MG,196,14,2,5.0,5.0,5.887,5.0,0.119,COOPERATIVA,COLETA_RECICLAGEM,"PET CRISTAL, SUCATA DE PET CRISTAL",A (excelente)
PET::PET CRISTAL,PET,MS,9,7,3,3.5,4.8,4.8,4.8,0.208,COMERCIO_ATACADO,INDUSTRIA,"PET CRISTAL, SUCATA DE PET CRISTAL, SUCATA PET CRISTAL E VERDE",D (insuficiente)
PET::PET CRISTAL,PET,PE,843,28,2,4.6,5.0,5.61,5.0,0.191,COMERCIO_ATACADO,INDUSTRIA,"SUCATA DE PET CRISTAL, PET CRISTAL",A (excelente)
PET::PET CRISTAL,PET,PR,251,35,2,1.5,2.15,3.5,3.379,0.423,COOPERATIVA,COMERCIO_ATACADO,"PET CRISTAL, SUCATA DE PET CRISTAL",B (bom)
PET::PET CRISTAL,PET,RJ,20,6,1,4.475,4.7,4.725,4.8,0.049,COOPERATIVA,COLETA_RECICLAGEM,PET CRISTAL,C (razoável)
PET::PET CRISTAL,PET,RN,33,12,1,3.6,4.85,5.0,5.0,0.203,COLETA_RECICLAGEM,INDUSTRIA,PET CRISTAL,C (razoável)
PET::PET CRISTAL,PET,RS,204,35,3,0.15,2.55,3.9,3.8,0.838,COLETA_RECICLAGEM,COMERCIO_ATACADO,"PET CRISTAL, SUCATA DE PET CRISTAL, SUCATA PET CRISTAL E VERDE",C (razoável)
PET::PET CRISTAL,PET,SP,163,23,3,3.6,4.0,4.3,3.6,0.107,COMERCIO_ATACADO,COMERCIO_ATACADO,"PET CRISTAL, SUCATA DE PET CRISTAL, SUCATA PET CRISTAL E VERDE",A (excelente)
PET::PET OLEO,PET,BA,14,8,1,0.5,0.5,0.725,0.5,0.24,COOPERATIVA,COLETA_RECICLAGEM,PET OLEO,D (insuficiente)
PET::PET OLEO,PET,CE,33,12,1,0.5,0.7,1.1,1.0,0.506,COOPERATIVA,COLETA_RECICLAGEM,PET OLEO,C (razoável)
PET::PET OLEO,PET,DF,53,28,1,0.5,0.5,0.5,0.5,0.0,COLETA_RECICLAGEM,COMERCIO_ATACADO,PET OLEO,B (bom)
PET::PET OLEO,PET,ES,31,14,1,0.85,1.0,2.5,1.0,0.618,COOPERATIVA,COMERCIO_ATACADO,PET OLEO,C (razoável)
PET::PET OLEO,PET,GO,25,20,1,0.5,0.65,0.7,0.35,0.313,COLETA_RECICLAGEM,COLETA_RECICLAGEM,PET OLEO,C (razoável)
PET::PET OLEO,PET,MG,212,32,1,1.0,1.2,1.2,1.26,0.238,COOPERATIVA,COMERCIO_ATACADO,PET OLEO,A (excelente)
PET::PET OLEO,PET,MS,23,13,1,1.0,1.2,2.35,2.8,0.503,COMERCIO_ATACADO,COLETA_RECICLAGEM,PET OLEO,C (razoável)
PET::PET OLEO,PET,PE,12,10,1,0.2,0.5,0.5,0.2,0.369,COLETA_RECICLAGEM,COMERCIO_ATACADO,PET OLEO,D (insuficiente)
PET::PET OLEO,PET,PR,246,36,1,0.8,1.3,1.6,1.5,0.401,COOPERATIVA,COMERCIO_ATACADO,PET OLEO,B (bom)
PET::PET OLEO,PET,RJ,54,12,1,1.4,1.4,1.4,1.4,0.0,COLETA_RECICLAGEM,COMERCIO_ATACADO,PET OLEO,B (bom)
PET::PET OLEO,PET,SP,257,36,1,0.6,0.8,1.1,0.7,0.392,COLETA_RECICLAGEM,COMERCIO_ATACADO,PET OLEO,B (bom)
PET::SUCATA DE PET BANDEJA,PET,ES,5,5,1,1.0,1.0,1.0,1.0,0.0,COOPERATIVA,COOPERATIVA,SUCATA DE PET BANDEJA,D (insuficiente)
PET::SUCATA DE PET BANDEJA,PET,PR,16,13,1,0.01,0.01,0.01,0.01,0.0,COOPERATIVA,COLETA_RECICLAGEM,SUCATA DE PET BANDEJA,D (insuficiente)
PET::SUCATA DE PET BANDEJA,PET,RS,15,8,1,0.7,0.75,1.0,0.7,0.343,COLETA_RECICLAGEM,COLETA_RECICLAGEM,SUCATA DE PET BANDEJA,D (insuficiente)
PET::SUCATA DE PET COLORIDO,PET,MG,39,21,1,0.3,0.3,2.05,0.3,1.215,COOPERATIVA,COMERCIO_ATACADO,SUCATA DE PET COLORIDO,C (razoável)
PET::SUCATA DE PET COLORIDO,PET,PR,14,13,1,1.4,2.0,2.251,0.5,0.368,COOPERATIVA,COMERCIO_ATACADO,SUCATA DE PET COLORIDO,D (insuficiente)
PET::SUCATA DE PET COLORIDO,PET,SP,53,14,1,0.2,0.2,0.2,0.3,0.263,COLETA_RECICLAGEM,COMERCIO_ATACADO,SUCATA DE PET COLORIDO,B (bom)
PET::SUCATA DE PET LEITOSO,PET,MG,5,5,1,0.3,0.3,0.3,0.3,0.0,COOPERATIVA,COMERCIO_ATACADO,SUCATA DE PET LEITOSO,D (insuficiente)
PET::SUCATA DE PET LEITOSO,PET,PR,9,2,1,2.5,2.5,2.7,2.6,0.039,COLETA_RECICLAGEM,COMERCIO_ATACADO,SUCATA DE PET LEITOSO,D (insuficiente)
PET::SUCATA DE PET LEITOSO,PET,RS,33,20,1,1.6,1.8,2.2,1.6,0.149,COLETA_RECICLAGEM,COMERCIO_ATACADO,SUCATA DE PET LEITOSO,C (razoável)
PET::SUCATA DE PET VERDE,PET,BA,25,3,1,6.6,6.6,6.8,6.8,0.033,INDUSTRIA,INDUSTRIA,PET VERDE,C (razoável)
PET::SUCATA DE PET VERDE,PET,DF,18,12,1,2.0,2.5,3.5,3.8,0.342,COLETA_RECICLAGEM,COOPERATIVA,PET VERDE,D (insuficiente)
PET::SUCATA DE PET VERDE,PET,ES,109,17,2,3.9,5.2,6.0,3.7,0.234,COMERCIO_ATACADO,OUTROS_SETOR,"SUCATA DE PET VERDE, PET VERDE",A (excelente)
PET::SUCATA DE PET VERDE,PET,GO,206,24,2,3.7,4.3,5.2,4.0,0.178,COMERCIO_ATACADO,INDUSTRIA,"SUCATA DE PET VERDE, PET VERDE",A (excelente)
PET::SUCATA DE PET VERDE,PET,MG,99,21,2,3.65,4.1,5.35,3.9,0.227,COOPERATIVA,COMERCIO_ATACADO,"SUCATA DE PET VERDE, PET VERDE",B (bom)
PET::SUCATA DE PET VERDE,PET,MS,15,9,2,2.495,3.9,4.8,4.8,0.347,COLETA_RECICLAGEM,COLETA_RECICLAGEM,"PET VERDE, SUCATA DE PET VERDE",D (insuficiente)
PET::SUCATA DE PET VERDE,PET,MT,7,3,2,1.05,3.8,3.8,3.8,0.561,COLETA_RECICLAGEM,OUTROS_SETOR,"PET VERDE, SUCATA DE PET VERDE",D (insuficiente)
PET::SUCATA DE PET VERDE,PET,PA,6,3,2,0.598,2.0,3.125,0.13,0.805,COLETA_RECICLAGEM,COMERCIO,"PET VERDE, SUCATA DE PET VERDE",D (insuficiente)
PET::SUCATA DE PET VERDE,PET,PB,43,7,1,2.8,3.0,3.05,3.0,0.047,COMERCIO_ATACADO,INDUSTRIA,SUCATA DE PET VERDE,C (razoável)
PET::SUCATA DE PET VERDE,PET,PE,686,28,2,4.7,5.1,6.2,4.9,0.179,COMERCIO_ATACADO,INDUSTRIA,"SUCATA DE PET VERDE, PET VERDE",A (excelente)
PET::SUCATA DE PET VERDE,PET,PR,123,27,2,2.65,3.4,3.8,3.775,0.216,COOPERATIVA,COLETA_RECICLAGEM,"PET VERDE, SUCATA DE PET VERDE",A (excelente)
PET::SUCATA DE PET VERDE,PET,RJ,22,6,2,4.5,4.7,4.775,4.8,0.048,COOPERATIVA,COLETA_RECICLAGEM,"PET VERDE, SUCATA DE PET VERDE",C (razoável)
PET::SUCATA DE PET VERDE,PET,RN,32,12,1,3.5,4.7,5.0,5.0,0.222,COLETA_RECICLAGEM,INDUSTRIA,PET VERDE,C (razoável)
PET::SUCATA DE PET VERDE,PET,RS,238,36,2,1.8,2.95,3.7,3.65,0.431,COLETA_RECICLAGEM,COMERCIO_ATACADO,"PET VERDE, SUCATA DE PET VERDE",B (bom)
PET::SUCATA DE PET VERDE,PET,SP,215,34,2,3.2,3.5,4.0,4.0,0.249,COMERCIO_ATACADO,COMERCIO_ATACADO,"SUCATA DE PET VERDE, PET VERDE",A (excelente)
PET::SUCATA PET,PET,AM,6,4,1,2.5,2.5,2.5,2.5,0.0,COLETA_RECICLAGEM,INDUSTRIA,SUCATA PET,D (insuficiente)
PET::SUCATA PET,PET,BA,52,18,1,1.6,2.0,2.125,2.25,0.224,COOPERATIVA,COLETA_RECICLAGEM,SUCATA PET,B (bom)
PET::SUCATA PET,PET,CE,33,10,1,0.2,1.8,1.9,3.0,0.62,COOPERATIVA,COLETA_RECICLAGEM,SUCATA PET,C (razoável)
PET::SUCATA PET,PET,ES,39,4,1,5.95,6.15,6.15,5.95,0.029,COMERCIO_ATACADO,OUTROS_SETOR,SUCATA PET,C (razoável)
PET::SUCATA PET,PET,GO,47,24,1,1.95,3.5,3.7,3.6,0.306,COLETA_RECICLAGEM,COLETA_RECICLAGEM,SUCATA PET,C (razoável)
PET::SUCATA PET,PET,MA,43,18,1,0.6,0.6,1.35,1.55,0.688,COOPERATIVA,COMERCIO_ATACADO,SUCATA PET,C (razoável)
PET::SUCATA PET,PET,MG,81,25,1,3.5,3.75,5.0,3.75,0.243,COOPERATIVA,COMERCIO_ATACADO,SUCATA PET,B (bom)
PET::SUCATA PET,PET,PA,17,9,1,0.8,0.8,2.0,2.0,0.754,COLETA_RECICLAGEM,INDUSTRIA,SUCATA PET,D (insuficiente)
PET::SUCATA PET,PET,PR,46,30,1,1.962,2.35,3.8,3.8,0.363,COLETA_RECICLAGEM,COLETA_RECICLAGEM,SUCATA PET,C (razoável)
PET::SUCATA PET,PET,RJ,251,23,1,4.3,4.52,4.76,4.52,0.127,COMERCIO_ATACADO,COLETA_RECICLAGEM,SUCATA PET,A (excelente)
PET::SUCATA PET,PET,RS,7,5,1,2.7,2.8,2.825,2.65,0.06,COLETA_RECICLAGEM,COLETA_RECICLAGEM,SUCATA PET,D (insuficiente)
PET::SUCATA PET,PET,SC,139,33,1,1.05,2.05,2.1,1.55,0.315,COOPERATIVA,COMERCIO_ATACADO,SUCATA PET,B (bom)
PET::SUCATA PET,PET,SP,318,36,1,2.3,2.7,3.5,3.35,0.383,COLETA_RECICLAGEM,COMERCIO_ATACADO,SUCATA PET,B (bom)
PP::FITA PP BRANCA,PP,SP,7,6,1,4.8,5.4,6.25,5.95,0.169,COMERCIO_ATACADO,INDUSTRIA,FITA PP BRANCA,D (insuficiente)
PP::PP BALDE BACIA BRANCO,PP,CE,27,10,1,1.0,1.2,1.3,1.55,0.159,COOPERATIVA,COLETA_RECICLAGEM,PP BALDE BACIA BRANCO,C (razoável)
PP::PP BALDE BACIA BRANCO,PP,GO,10,8,2,0.7,1.1,1.5,1.4,0.411,COLETA_RECICLAGEM,COMERCIO_ATACADO,"PP BALDE BACIA BRANCO, PP BALDE BACIA COLORIDO",D (insuficiente)
PP::PP BALDE BACIA BRANCO,PP,MA,29,15,2,0.35,0.5,0.5,0.5,0.185,COOPERATIVA,COMERCIO_ATACADO,"PP BALDE BACIA BRANCO, PP BALDE BACIA COLORIDO",C (razoável)
PP::PP BALDE BACIA BRANCO,PP,PR,179,36,2,0.85,1.25,1.6,1.6,0.343,COLETA_RECICLAGEM,COMERCIO_ATACADO,"PP BALDE BACIA BRANCO, PP BALDE BACIA COLORIDO",B (bom)
PP::PP BALDE BACIA BRANCO,PP,RS,178,34,4,0.6,0.8,1.438,1.475,0.531,COLETA_RECICLAGEM,COMERCIO_ATACADO,"PP BALDE BACIA BRANCO, PP BALDE BACIA COLORIDO, SUCATA DE PP BALDE BACIA BRANCO",C (razoável)
PP::PP BALDE BACIA BRANCO,PP,SP,101,32,4,0.7,0.9,1.1,1.35,0.33,COLETA_RECICLAGEM,COLETA_RECICLAGEM,"SUCATA DE PP BALDE BACIA BRANCO, PP BALDE BACIA COLORIDO, PP BALDE BACIA BRANCO",B (bom)
PP::PP BRANCO,PP,BA,22,8,1,0.8,0.8,0.8,0.8,0.0,COOPERATIVA,COLETA_RECICLAGEM,PP BRANCO,C (razoável)
PP::PP BRANCO,PP,DF,67,26,1,1.6,1.7,1.7,1.7,0.052,COLETA_RECICLAGEM,COMERCIO_ATACADO,PP BRANCO,B (bom)
PP::PP BRANCO,PP,ES,93,18,1,2.0,2.5,3.068,2.0,0.23,COMERCIO_ATACADO,COMERCIO_ATACADO,PP BRANCO,B (bom)
PP::PP BRANCO,PP,GO,40,25,1,0.9,1.4,2.075,0.9,0.574,COLETA_RECICLAGEM,COMERCIO_ATACADO,PP BRANCO,C (razoável)
PP::PP BRANCO,PP,MG,280,31,1,1.8,2.2,2.3,2.15,0.186,COOPERATIVA,COLETA_RECICLAGEM,PP BRANCO,A (excelente)
PP::PP BRANCO,PP,MS,15,12,1,1.0,1.2,1.5,1.4,0.274,OUTROS_SETOR,COLETA_RECICLAGEM,PP BRANCO,D (insuficiente)
PP::PP BRANCO,PP,PR,199,34,1,1.825,2.15,2.4,2.3,0.204,COOPERATIVA,COMERCIO_ATACADO,PP BRANCO,A (excelente)
PP::PP BRANCO,PP,RJ,333,27,1,0.4,2.5,2.7,2.7,0.597,COOPERATIVA,COMERCIO_ATACADO,PP BRANCO,C (razoável)
PP::PP BRANCO,PP,RN,27,10,1,3.31,3.4,3.4,3.4,0.013,COLETA_RECICLAGEM,INDUSTRIA,PP BRANCO,C (razoável)
PP::PP BRANCO,PP,RS,30,17,1,1.0,1.6,2.0,1.8,0.301,COLETA_RECICLAGEM,COMERCIO_ATACADO,PP BRANCO,C (razoável)
PP::PP BRANCO,PP,SC,11,6,1,1.15,2.2,2.3,2.3,0.606,COMERCIO_ATACADO,COLETA_RECICLAGEM,PP BRANCO,D (insuficiente)
PP::PP BRANCO,PP,SP,241,30,1,1.8,2.1,2.5,2.3,0.272,COMERCIO_ATACADO,COMERCIO_ATACADO,PP BRANCO,A (excelente)
PP::PP MARGARINA,PP,PR,138,34,1,1.412,1.75,1.85,1.85,0.173,COOPERATIVA,COMERCIO_ATACADO,PP MARGARINA,A (excelente)
PP::PP MARGARINA,PP,RS,64,30,2,0.475,1.0,1.6,1.5,0.632,COLETA_RECICLAGEM,COMERCIO_ATACADO,"PP MARGARINA, SUCATA DE PP MARGARINA",C (razoável)
PP::PP MINERAL,PP,ES,8,8,1,1.5,1.7,2.025,2.1,0.182,COLETA_RECICLAGEM,COMERCIO_ATACADO,PP MINERAL,D (insuficiente)
PP::PP MINERAL,PP,PR,181,36,1,1.85,2.05,2.2,2.1,0.095,COOPERATIVA,COMERCIO_ATACADO,PP MINERAL,A (excelente)
PP::PP MINERAL,PP,RS,71,32,2,0.5,1.0,1.8,1.5,0.561,COLETA_RECICLAGEM,COMERCIO_ATACADO,"PP MINERAL, SUCATA DE PP MINERAL",C (razoável)
PP::PP PRETO,PP,DF,30,13,1,0.4,0.5,1.075,0.7,0.54,COLETA_RECICLAGEM,COMERCIO_ATACADO,PP PRETO,C (razoável)
PP::PP PRETO,PP,ES,38,12,1,1.262,1.931,1.931,1.2,0.245,COMERCIO_ATACADO,INDUSTRIA,PP PRETO,C (razoável)
PP::PP PRETO,PP,GO,9,8,1,0.8,1.1,1.3,0.35,0.39,COLETA_RECICLAGEM,COMERCIO,PP PRETO,D (insuficiente)
PP::PP PRETO,PP,MG,225,30,1,0.8,1.1,1.2,1.3,0.274,COOPERATIVA,COLETA_RECICLAGEM,PP PRETO,A (excelente)
PP::PP PRETO,PP,MS,17,11,1,0.6,0.8,0.9,0.9,0.243,OUTROS_SETOR,COLETA_RECICLAGEM,PP PRETO,D (insuficiente)
PP::PP PRETO,PP,PE,6,2,1,0.1,0.1,0.1,0.1,0.0,COLETA_RECICLAGEM,COMERCIO_ATACADO,PP PRETO,D (insuficiente)
PP::PP PRETO,PP,PR,201,35,2,0.8,1.0,1.1,1.3,0.253,COOPERATIVA,COMERCIO_ATACADO,"PP PRETO, PP PRETO OU MISTO",A (excelente)
PP::PP PRETO,PP,RJ,147,17,1,1.6,1.6,1.7,1.6,0.034,COOPERATIVA,COMERCIO_ATACADO,PP PRETO,A (excelente)
PP::PP PRETO,PP,SP,197,32,1,0.5,1.0,1.3,1.0,0.488,COLETA_RECICLAGEM,COMERCIO_ATACADO,PP PRETO,B (bom)
PP::SUCATA DE PP TAMPINHA,PP,CE,24,7,1,1.0,1.0,1.2,1.1,0.09,COOPERATIVA,COLETA_RECICLAGEM,SUCATA DE PP TAMPINHA,C (razoável)
PP::SUCATA DE PP TAMPINHA,PP,PR,53,18,1,1.15,1.35,1.5,1.6,0.318,COOPERATIVA,COMERCIO_ATACADO,SUCATA DE PP TAMPINHA,B (bom)
PP::SUCATA DE PP TAMPINHA,PP,RS,35,14,1,1.425,1.45,1.5,1.45,0.026,COLETA_RECICLAGEM,COMERCIO_ATACADO,SUCATA DE PP TAMPINHA,C (razoável)
PS::PS COPINHO,PS,MG,7,6,2,0.8,1.0,1.0,1.0,0.117,COOPERATIVA,COMERCIO_ATACADO,"PS COPINHO, SUCATA DE PS COPINHO",D (insuficiente)
PS::PS COPINHO,PS,PR,119,30,2,1.0,1.2,1.25,1.175,0.125,COOPERATIVA,COMERCIO_ATACADO,"PS COPINHO, SUCATA DE PS COPINHO",A (excelente)
PS::PS COPINHO,PS,RS,11,8,1,0.4,0.6,0.95,0.3,0.446,COLETA_RECICLAGEM,COMERCIO_ATACADO,PS COPINHO,D (insuficiente)
PS::PS COPINHO,PS,SP,23,14,2,0.2,0.2,0.4,0.4,0.426,COOPERATIVA,COMERCIO_ATACADO,"PS COPINHO, SUCATA DE PS COPINHO",C (razoável)
PS::SUCATA DE PS PRETO,PS,SP,51,8,1,0.1,0.1,0.1,0.1,0.0,COLETA_RECICLAGEM,COMERCIO_ATACADO,SUCATA DE PS PRETO,B (bom)
PVC::SUCATA DE PVC,PVC,BA,13,3,1,0.2,0.2,0.2,0.2,0.0,COLETA_RECICLAGEM,COLETA_RECICLAGEM,SUCATA DE PVC,D (insuficiente)
PVC::SUCATA DE PVC,PVC,CE,20,6,1,0.3,0.6,1.3,0.6,0.646,COOPERATIVA,COLETA_RECICLAGEM,SUCATA DE PVC,C (razoável)
PVC::SUCATA DE PVC,PVC,GO,7,6,1,0.55,0.7,0.8,0.7,0.297,COLETA_RECICLAGEM,COMERCIO_ATACADO,SUCATA DE PVC,D (insuficiente)
PVC::SUCATA DE PVC,PVC,MA,15,13,1,0.5,0.5,0.5,0.5,0.0,COOPERATIVA,COMERCIO_ATACADO,SUCATA DE PVC,D (insuficiente)
PVC::SUCATA DE PVC,PVC,MG,51,24,1,0.3,0.5,0.55,0.5,0.496,COOPERATIVA,COLETA_RECICLAGEM,SUCATA DE PVC,B (bom)
PVC::SUCATA DE PVC,PVC,PE,19,12,1,0.6,0.6,0.6,0.6,0.0,COLETA_RECICLAGEM,COMERCIO_ATACADO,SUCATA DE PVC,D (insuficiente)
PVC::SUCATA DE PVC,PVC,PR,190,36,1,0.45,0.575,0.9,1.4,0.49,COLETA_RECICLAGEM,COMERCIO_ATACADO,SUCATA DE PVC,B (bom)
PVC::SUCATA DE PVC,PVC,RJ,7,7,1,0.125,0.2,1.1,1.7,1.198,COOPERATIVA,INDUSTRIA,SUCATA DE PVC,D (insuficiente)
PVC::SUCATA DE PVC,PVC,RS,36,19,1,0.3,0.4,0.75,0.7,0.532,COLETA_RECICLAGEM,COMERCIO_ATACADO,SUCATA DE PVC,C (razoável)
PVC::SUCATA DE PVC,PVC,SC,18,12,1,0.425,0.6,1.0,0.05,0.563,COOPERATIVA,COMERCIO_ATACADO,SUCATA DE PVC,D (insuficiente)
PVC::SUCATA DE PVC,PVC,SP,72,28,1,0.3,0.325,0.5,0.5,0.423,COLETA_RECICLAGEM,COMERCIO_ATACADO,SUCATA DE PVC,B (bom)
